Battery,Abacus,Acid,Adder,Aeroplane,Afro,Alligator,Asshole,Air,AJ,AK-47,Alien,Ambulance,Ant,Avocado,Apple,Aquarium,Arrow,Ass,Atom,Gold,Anvil,Award,Axe
Baby,Bubbles,Bacon,Bed,Bee,Blindfold,Bagpipe,Bath,Bison,BJ,Book,Blood,Bamboo,Banana,Bone,Backpack,BBQ,Bra,Bass,Bat,Bullet,Beaver,Bowser,BMX
Carnage,Crab,Coke,CD,Ceiling,Coffee,Cigarette,Chair,Cinnamon,Cage,Clock,Clown,Camera,Candle,Cocaine,Cape,Cactus,Crown,Chess,Cat,Cup,Cave,Claw,Crucifix
Daisy,Dobby,Dice,Dad,Deodorant,Doofenschmirtz,Dog,Douche,Diamond,Dodgeball,Dick,Doll,Dumpster,Donut,Door,Diaper,Drag Queen,Dragon,DS,Dart,Drum,Devil,Dwarf,Dualshock
Eagle,Eyeball,Electric,Edible,Eel,Elf,Egg,Enoch,Einstein,Cum,Elk,Elmo,M&Ms,Engine,Embryo,Elephant,Horse,Ear,Eraser,ET,Euphonium,Elevator,Ewok,Explosion
Forearm,Football,Face,Frodo,Frisbee,Fluffy,Frog,Fish,Finger,Fridge,Fork,Flour,Foam,Fan,Foil,Fap,Fuck,Fire,Fossil,Foot,Funnel,Freezer,Ferris Wheel,Fox
Gatorade,Globe,Gamecube,God,Genie,Graffiti,Gargoyle,Ghost,Giant,Phone,Goku,Glove,Gum,Gun,Gorilla,Grapes,Guacamole,Grass,Gas,Goat,Gru,Gravel,Glowing,Glasses
Hay,Hobo,Helicopter,Head,Balloon,Half,Hug,Spinning,High,Hijab,Hook,Hole,Hammer,Honey,Heroin,Headphones,Harley Quinn,Hair,Hose,Hat,Hundred,Hovering,Hotwheels,Horcrux
Imaginary,Ibuprofen,Ice Cream,ID,Computer,Infinity,Igloo,Hulk,2,Syringe,Ink,Illustration,Iron Man,Intestine,Potato,iPad,Ice Cube,Iron,Isaac,Pizza,IUD,IV,Invisible Woman,Twix
Jay,Jukebox,Jacket,Jordan,Jesus,Jellfyfish,Jaguar,Jabba the Hutt,Jigsaw,Jump,Joker,Jungle,Jam,Jenga,Jell-O,Jalapeno,Jackhammer,Jar,Joystick,Joint,Chew,Javelin,Jawa,Jynx
Kangaroo,Kebab,Ketchup,Kraft Dinner,Key,Kief,Keg,Khakis,Kite,Makeup,Kick,Kilt,Kermit,Knight,Koala,Krabby Patty,Kumquat,Kryptonite,Kiss,Katana,Kate Upton,Kevlar,Kiwi,Kleenex
Lays,Lube,Lace,Ladder,Leia,Leaf,Leg,Leather,Lighter,Lifejacket,Lock,Little,Lemonade,Lantern,LEGO,Laptop,Licorice,Laser,Lightsaber,Lettuce,Lung,Lava,Lawnmower,La Croix
Mater,Marbles,Mic,Mud,Meeseeks,Muffin,Magnet,Mohawk,Milk,Marijuana,Monkey,Mail,Mom,Money,Mouth,Map,Mannequin,Mirror,Moss,Meth,Mushroom,Minivan,Microwave,Megaminx
Naked,Nimbus,Nachos,Needle,Neon,Nerf,Nuggets,Hockey,Nine,Ninja,Nuke,Nail,Gnome,Naan,Nose,Nipple,Nunchucks,Nair,Noose,Net,Nutella,Navel,Narwhal,Nightcrawler
Oasis,Obama,Octopus,Old,Oboe,Staple,Shrek,Hand,Oil,Orange Juice,Obi-Wan,Olive,Ornament,Onion,Wood,Optimus Prime,Orc,Origami,Ostritch,Otter,Outlet,Oven,Owl,Oxi-Clean
Paint,Peanut Butter,Popcorn,Podium,Pee,Pacifier,Pig,Parachute,Pie,Pajamas,Pikachu,Plunger,Pimple,Pen,Poo,Pipe,Porcupine,Pearl,Purse,Pallet,Pubes,PVC,Pillow,Pixie
Quail,Cube,Chocolate,Quad,Cheese,Quaffle,Cougar,Quiche,Quilt,Squeegee,Oatmeal,Quill,Chimes,Quinoa,Qui-Gon Jinn,Quadriplegic,Check,Quarter,Quesadilla,Q-Tip,Queue,Quiver,Keyboard,Chopsticks
Radio,Robot,Race,R2D2,Reaper,Raft,Rug,Rash,Rice,CAT-5,Rocket,Rail,Ramen,Rain,Rope,x,Raquette,Razor,Rose,Rat,Ruler,Raven,Rainbow,T-Rex
Santa,Skateboard,Suitcase,Saddle,Seed,Surfboard,Spongebob,Shoes,Spider,Sausage,Smoke,Slime,Sam,Snow,Sofa,Spoon,Squirrel,Sriracha,Scissors,Stairs,Sulley,Shovel,Sandwich,Socks
Tape,Table,Taco,TARDIS,Tea,Tofu,Tiger,Thong,Tie,Condom,Tank,Tail,Tampon,Tent,Toe,TP,Tequila,Train,Taser,Tits,Tutu,TV,Tweezers,Taxidermy
Underarm,Unibrow,Unicorn,Udder,Glue,UFO,Uggs,U-Haul,Unicycle,Ouija Board,Ukulele,Urinal,Umbrella,Urn,Po,Package,Bouquet,Radioactive,Undershirt,Uterus,Yo-Yo,Uvula,Underwear,11x11
V8,Vibrator,Vaccuum,Vodka,Vending Machine,Venus Flytrap,Viagra,VHS,Vial,Vagina,Viking,Violin,Vomit,Vinegar,Volcano,Vape,Puppet,VR,Vest,Vault,Vuvuzela,Valve,Volkswagen,Vortex
Water,Web,Toilet,WD-40,WALL-E,Waffle,Wing,Wheel,Wii,Wedges,Whiskers,Wall,Worm,Wine,Wolf,Whip,Watch,Wire,Wasabi,Wallet,Waluigi,Wolverine,Window,Wax